sensor_id,observations,nan_count,nan_rate,zero_count,zero_rate,negative_count,min_speed,p01_speed,median_speed,mean_speed,p99_speed,max_speed,std_speed,longest_zero_run_steps,longest_nan_run_steps,large_jump_gt40_count,unique_value_count
773869,34272,0,0.0,3843,0.11213235294117647,0,0.0,0.0,64.88888888888889,54.63135863141553,69.16666666666667,70.0,22.61886880304241,1118,0,285,1089
767541,34272,0,0.0,2149,0.06270424836601307,0,0.0,0.0,65.0,60.452788661761,68.375,70.0,15.970005933840408,381,0,193,620
767542,34272,0,0.0,2149,0.06270424836601307,0,0.0,0.0,67.375,60.726120019767166,69.75,70.0,18.31308604729118,381,0,180,968
717447,34272,0,0.0,2174,0.06343370681605975,0,0.0,0.0,53.875,49.52428736540912,64.625,70.0,15.843029468668043,381,0,198,1252
717446,34272,0,0.0,2463,0.07186624649859943,0,0.0,0.0,46.0,46.07979756717502,68.77777777777777,70.0,19.35006249274901,381,0,169,1374
717445,34272,0,0.0,2183,0.06369631185807656,0,0.0,0.0,56.111111111111114,50.95200252554726,68.55555555555556,70.0,16.681516143852463,381,0,200,1352
773062,34272,0,0.0,2176,0.06349206349206349,0,0.0,0.0,62.111111111111114,54.471683522946215,68.14976190476193,70.0,17.984498839517652,381,0,185,1132
767620,34272,0,0.0,3257,0.09503384687208216,0,0.0,0.0,63.333333333333336,57.25509503569946,68.11111111111111,70.0,18.750791215536776,402,0,226,528
737529,34272,0,0.0,2684,0.07831465919701214,0,0.0,0.0,62.44444444444444,56.068044162109295,68.14285714285714,70.0,18.24009536827823,381,0,341,1151
717816,34272,0,0.0,2313,0.06748949579831932,0,0.0,0.0,65.875,52.87184128280942,69.44444444444444,70.0,23.343464865196456,381,0,177,1500
765604,34272,0,0.0,2406,0.070203081232493,0,0.0,0.0,61.22222222222222,56.10319769111348,67.22222222222223,70.0,16.098736919478352,381,0,220,771
767471,34272,0,0.0,4075,0.1189017273576097,0,0.0,0.0,63.25,55.612995753857106,69.33333333333333,70.0,20.697867307211865,402,0,468,675
716339,34272,0,0.0,2207,0.06439659197012138,0,0.0,0.0,23.444444444444443,37.78036299010345,67.5,70.0,24.624292089869606,381,0,143,1324
773906,34272,0,0.0,2649,0.07729341736694678,0,0.0,0.0,66.125,59.156519656473705,69.625,70.0,18.546914451496043,381,0,245,1065
765273,34272,0,0.0,2185,0.0637546685340803,0,0.0,0.0,60.0,52.15925553091608,67.0,70.0,19.241285403578914,381,0,169,1348
716331,34272,0,0.0,2232,0.06512605042016807,0,0.0,0.0,47.166666666666664,46.481439358150666,69.0,70.0,18.977102941948033,381,0,149,1364
771667,34272,0,0.0,2867,0.08365429505135387,0,0.0,0.0,31.0,28.310130197912496,41.58696428571433,70.0,10.084496364258507,381,0,13,914
716337,34272,0,0.0,2172,0.06337535014005602,0,0.0,0.0,59.5,53.2158475658782,66.0,70.0,16.804654963031076,381,0,200,1222
769953,34272,0,0.0,2268,0.0661764705882353,0,0.0,0.0,56.375,52.22936607513376,65.0,70.0,14.952309130145318,381,0,187,885
769402,34272,0,0.0,2255,0.06579715219421102,0,0.0,0.0,61.375,54.58820000222311,67.03222222222232,68.66666666666667,17.17323011862442,381,0,193,1140
769403,34272,0,0.0,2290,0.06681839402427638,0,0.0,0.0,67.11111111111111,60.080787974912184,69.875,70.0,18.11241175625911,381,0,226,1092
769819,34272,0,0.0,2271,0.0662640056022409,0,0.0,0.0,61.375,56.3917438503179,67.875,70.0,16.02719207898749,381,0,197,864
769405,34272,0,0.0,5346,0.1559873949579832,0,0.0,0.0,49.375,40.43599482617121,57.75,70.0,18.889404007895507,422,0,536,1145
716941,34272,0,0.0,2840,0.08286647992530345,0,0.0,0.0,58.55555555555556,49.79205220282557,66.75,70.0,20.706794441536356,381,0,222,1339
717578,34272,0,0.0,2220,0.06477591036414566,0,0.0,0.0,65.625,59.71073176955968,69.28985714285716,70.0,16.90660543747068,381,0,200,936
716960,34272,0,0.0,3050,0.08899393090569561,0,0.0,0.0,61.25,51.56896607022438,69.33333333333333,70.0,20.824712507436118,381,0,203,1379
717804,34272,0,0.0,3726,0.10871848739495799,0,0.0,0.0,55.625,47.413985628973805,67.11111111111111,70.0,19.954316417689117,1134,0,238,1453
767572,34272,0,0.0,2260,0.06594304388422036,0,0.0,0.0,61.875,57.519837252030435,65.88888888888889,69.0,15.517971011216165,381,0,208,531
767573,34272,0,0.0,2257,0.06585550887021475,0,0.0,0.0,68.375,61.799764593337336,70.0,70.0,18.607435084889623,381,0,197,877
773012,34272,0,0.0,2248,0.06559290382819795,0,0.0,0.0,45.0,41.16849578951951,66.22222222222223,70.0,15.068216474871278,381,0,212,1235
773013,34272,0,0.0,2859,0.08342086834733893,0,0.0,0.0,59.55555555555556,54.10161499785099,69.57569444444451,70.0,17.31683505173125,381,0,589,1036
764424,34272,0,0.0,3143,0.09170751633986927,0,0.0,0.0,66.25,59.812687933969876,69.25,70.0,19.21874432818587,381,0,271,571
769388,34272,0,0.0,3054,0.08911064425770308,0,0.0,0.0,66.0,58.16018849669498,69.71428571428571,70.0,19.61650642819011,472,0,348,1039
716328,34272,0,0.0,2263,0.06603057889822596,0,0.0,0.0,58.75,54.95596751432055,69.0,70.0,16.8439906026514,381,0,237,1086
717819,34272,0,0.0,2184,0.06372549019607843,0,0.0,0.0,66.28571428571429,59.076044735023636,69.625,70.0,18.22749626566297,381,0,195,1127
769941,34272,0,0.0,2268,0.0661764705882353,0,0.0,0.0,62.0,56.994203051591,68.625,70.0,16.14311822445329,381,0,192,838
760987,34272,0,0.0,5532,0.16141456582633054,0,0.0,0.0,66.625,54.61817956349206,69.85714285714286,70.0,25.068593370736963,1014,0,348,924
718204,34272,0,0.0,4627,0.13500816993464052,0,0.0,0.0,65.625,54.22358422535681,69.75,70.0,23.305635452935334,1118,0,393,1027
718045,34272,0,0.0,3424,0.09990662931839403,0,0.0,0.0,57.875,44.07764729734487,67.85714285714286,70.0,23.730886015414292,857,0,283,1700
769418,34272,0,0.0,5349,0.1560749299719888,0,0.0,0.0,59.0,48.43137435529768,65.27416666666674,70.0,22.03050701750753,422,0,594,1068
768066,34272,0,0.0,2307,0.06731442577030812,0,0.0,0.0,65.5,57.372046851147864,69.125,70.0,19.15621015228564,381,0,212,1180
772140,34272,0,0.0,3096,0.09033613445378151,0,0.0,0.0,61.857142857142854,52.165237773350086,66.75,70.0,19.10301792119205,381,0,241,1151
773927,34272,0,0.0,3204,0.0934873949579832,0,0.0,0.0,64.5,54.51553557765699,69.75,70.0,21.273563783469257,578,0,192,1152
760024,34272,0,0.0,2152,0.06279178338001867,0,0.0,0.0,61.77777777777778,50.892428846538614,66.8790277777778,70.0,20.785768457454594,381,0,162,1265
774012,34272,0,0.0,2586,0.07545518207282913,0,0.0,0.0,67.44444444444444,61.32076140641443,69.875,70.0,18.01181623088206,442,0,195,682
774011,34272,0,0.0,2586,0.07545518207282913,0,0.0,0.0,67.0,61.270131791142376,69.79388888888893,70.0,17.821016799644493,442,0,194,575
767609,34272,0,0.0,3694,0.10778478057889823,0,0.0,0.0,61.55555555555556,54.835970244579315,66.75,70.0,19.25195253835558,402,0,304,611
769359,34272,0,0.0,2244,0.06547619047619048,0,0.0,0.0,59.25,50.077835798671316,67.33333333333333,70.0,18.778390308383823,381,0,173,1336
760650,34272,0,0.0,3001,0.0875641923436041,0,0.0,0.0,55.25,45.55205142242082,63.142857142857146,70.0,19.4026305258698,857,0,164,1392
716956,34272,0,0.0,2742,0.08000700280112044,0,0.0,0.0,61.5,55.27166601594342,68.5,70.0,17.940056786531237,381,0,209,1096
769831,34272,0,0.0,2271,0.0662640056022409,0,0.0,0.0,59.888888888888886,55.20587524361597,67.0,70.0,15.68678831357886,381,0,199,835
761604,34272,0,0.0,2899,0.08458800186741364,0,0.0,0.0,49.666666666666664,46.18159004342478,67.11111111111111,70.0,16.780775603902732,381,0,242,1302
717495,34272,0,0.0,2411,0.07034897292250233,0,0.0,0.0,65.125,53.07797138531338,69.77777777777777,70.0,21.248783598001495,381,0,186,1307
716554,34272,0,0.0,3003,0.08762254901960784,0,0.0,0.0,55.44444444444444,49.97558295308865,64.875,70.0,16.723624027557783,854,0,181,997
773953,34272,0,0.0,2188,0.0638422035480859,0,0.0,0.0,61.333333333333336,54.58942684712774,67.33333333333333,70.0,17.33857632710167,381,0,194,1115
767470,34272,0,0.0,3493,0.10191993464052287,0,0.0,0.0,60.875,54.61169209581981,65.77777777777777,70.0,18.568830539679904,402,0,257,567
716955,34272,0,0.0,5374,0.15680438842203548,0,0.0,0.0,40.11805555555556,32.73836804397685,61.0,70.0,17.721317224031246,857,0,166,1494
764949,34272,0,0.0,2191,0.0639297385620915,0,0.0,0.0,58.22222222222222,51.88272362185616,64.11111111111111,70.0,16.510568406541488,381,0,211,1054
773954,34272,0,0.0,2171,0.06334617180205415,0,0.0,0.0,62.0,56.400064713385355,67.875,70.0,16.257584349193884,381,0,217,1094
767366,34272,0,0.0,2321,0.06772292250233426,0,0.0,0.0,61.22222222222222,56.26286296926179,66.625,70.0,16.299571281128085,381,0,247,960
769444,34272,0,0.0,3670,0.1070845004668534,0,0.0,0.0,59.285714285714285,48.41090109654972,66.44444444444444,70.0,21.03430652505537,1330,0,174,1248
773939,34272,0,0.0,2217,0.06468837535014006,0,0.0,0.0,62.333333333333336,49.95387652746283,69.875,70.0,23.44117333499137,381,0,278,1375
774067,34272,0,0.0,3292,0.09605508870214753,0,0.0,0.0,62.375,54.643000290393935,70.0,70.0,20.177712421143916,381,0,477,1298
769443,34272,0,0.0,3678,0.10731792717086834,0,0.0,0.0,62.375,51.29292735612763,68.875,70.0,21.57013530289574,1330,0,198,1271
767750,34272,0,0.0,2290,0.06681839402427638,0,0.0,0.0,65.625,59.212543871715354,69.0,70.0,18.307280063644154,381,0,241,1030
767751,34272,0,0.0,2289,0.06678921568627451,0,0.0,0.0,63.0,58.297653471110664,69.0,70.0,16.29080479588265,381,0,260,813
767610,34272,0,0.0,3886,0.11338702147525677,0,0.0,0.0,66.0,58.285338278830054,69.625,70.0,20.9738355265637,402,0,410,508
773880,34272,0,0.0,2390,0.06973622782446312,0,0.0,0.0,67.875,62.09869743036104,70.0,70.0,17.916347777449026,381,0,286,767
764766,34272,0,0.0,2154,0.06285014005602241,0,0.0,0.0,66.77777777777777,58.78077802880412,69.75,70.0,18.73436506999997,381,0,188,1167
717497,34272,0,0.0,2221,0.06480508870214753,0,0.0,0.0,64.375,54.8159182075608,69.125,70.0,19.498461786898343,381,0,183,1315
717490,34272,0,0.0,4037,0.11779295051353875,0,0.0,0.0,62.666666666666664,52.14012606199887,67.0,69.75,22.175471416316384,1683,0,179,1081
717491,34272,0,0.0,4026,0.1174719887955182,0,0.0,0.0,62.125,53.62421510270775,67.5,70.0,20.534211155422458,1683,0,191,994
717492,34272,0,0.0,2238,0.06530112044817928,0,0.0,0.0,60.875,53.13663661066279,68.75,70.0,18.41836130393243,381,0,195,1302
717493,34272,0,0.0,2450,0.07148692810457516,0,0.0,0.0,59.0,48.02595660949565,68.75,70.0,19.866087553211027,381,0,175,1337
765176,34272,0,0.0,2215,0.06463001867413633,0,0.0,0.0,67.33333333333333,58.81295009902109,69.66666666666667,70.0,19.439066933157374,381,0,196,1047
717498,34272,0,0.0,2213,0.06457166199813259,0,0.0,0.0,51.77777777777778,44.03737801833696,56.77777777777778,70.0,15.795245406922156,381,0,162,1154
717499,34272,0,0.0,2218,0.06471755368814193,0,0.0,0.0,55.0,47.12917811800646,64.22222222222223,68.0,17.674000560835662,381,0,168,1295
765171,34272,0,0.0,2708,0.07901493930905695,0,0.0,0.0,61.25,50.96535966238348,68.875,70.0,22.545458612430235,381,0,284,1421
718064,34272,0,0.0,2155,0.06287931839402428,0,0.0,0.0,67.21111111111111,60.04574437413854,70.0,70.0,18.646997416641106,381,0,179,974
718066,34272,0,0.0,2150,0.06273342670401494,0,0.0,0.0,67.25,60.72012923224845,69.55555555555556,70.0,18.517049952243475,381,0,184,882
765164,34272,0,0.0,2179,0.06357959850606909,0,0.0,0.0,64.14285714285714,58.43925779802662,70.0,70.0,17.1664423977007,381,0,214,1145
769431,34272,0,0.0,3673,0.107172035480859,0,0.0,0.0,56.111111111111114,45.86280118528893,66.11513888888891,70.0,20.540877008070098,1330,0,153,1235
769430,34272,0,0.0,4088,0.119281045751634,0,0.0,0.0,61.875,48.06331377458391,69.0,70.0,23.92904116766059,1330,0,185,1328
717610,34272,0,0.0,3148,0.09185340802987862,0,0.0,0.0,64.125,56.63253129955686,68.0,70.0,20.058920625260274,381,0,253,1017
767053,34272,0,0.0,2176,0.06349206349206349,0,0.0,0.0,56.5,47.892634600136354,63.875,70.0,19.047460669139383,381,0,167,1318
767621,34272,0,0.0,3265,0.0952672735760971,0,0.0,0.0,66.875,59.23098146666074,69.5,70.0,20.522973838576476,402,0,222,833
772596,34272,0,0.0,2150,0.06273342670401494,0,0.0,0.0,63.25,56.09279094739748,68.55555555555556,70.0,17.130554151535236,381,0,187,1164
772597,34272,0,0.0,2152,0.06279178338001867,0,0.0,0.0,64.66666666666667,55.93136972381546,69.5,70.0,18.766519646440205,381,0,179,1265
767350,34272,0,0.0,2175,0.06346288515406162,0,0.0,0.0,65.44444444444444,55.82521418289538,68.375,70.0,21.285119767365355,381,0,168,1163
767351,34272,0,0.0,2150,0.06273342670401494,0,0.0,0.0,66.0,59.37320255648556,69.375,70.0,17.685605149923063,381,0,190,1095
716571,34272,0,0.0,2597,0.07577614379084967,0,0.0,0.0,67.5,61.8361831885532,69.77777777777777,70.0,18.034227699793636,381,0,307,548
773023,34272,0,0.0,2167,0.06322945845004668,0,0.0,0.0,33.77777777777778,36.03905847061047,58.25,66.57142857142857,16.291324328645995,381,0,114,1258
767585,34272,0,0.0,3603,0.10512955182072829,0,0.0,0.0,67.75,60.22463252662177,69.75,70.0,20.79462839968176,402,0,291,452
773024,34272,0,0.0,2170,0.06331699346405228,0,0.0,0.0,63.75,56.19119605017933,68.5,70.0,18.75715282393111,381,0,191,1138
717483,34272,0,0.0,2491,0.07268323996265173,0,0.0,0.0,62.5,54.68395497087724,67.375,69.125,18.345751473024837,381,0,182,1127
718379,34272,0,0.0,2815,0.08213702147525677,0,0.0,0.0,59.875,50.78656149959984,68.25,70.0,20.308430887866887,381,0,219,1374
717481,34272,0,0.0,5163,0.15064775910364145,0,0.0,0.0,68.875,55.90174459830228,70.0,70.0,25.84599329321248,390,0,844,997
717480,34272,0,0.0,2203,0.0642798786181139,0,0.0,0.0,66.875,57.64166029837861,69.75,70.0,20.331941839706275,381,0,205,1171
717486,34272,0,0.0,2188,0.0638422035480859,0,0.0,0.0,58.5,51.81036707507077,64.66666666666667,70.0,16.761490668423615,381,0,194,1173
764120,34272,0,0.0,2152,0.06279178338001867,0,0.0,0.0,67.33333333333333,62.51262398477908,69.66666666666667,70.0,16.611454786690928,381,0,198,570
772151,34272,0,0.0,2181,0.06363795518207283,0,0.0,0.0,61.125,51.12063158596773,67.30966666666669,70.0,19.780451226702493,381,0,165,1323
718371,34272,0,0.0,2995,0.0873891223155929,0,0.0,0.0,60.333333333333336,51.90211698105168,68.4605555555556,70.0,19.25034211652853,381,0,194,1223
717489,34272,0,0.0,2413,0.07040732959850607,0,0.0,0.0,60.0,52.154937171627914,65.125,68.0,18.44641070101058,381,0,177,1118
717488,34272,0,0.0,2256,0.06582633053221289,0,0.0,0.0,64.625,56.61799397999941,68.625,70.0,18.69002388567874,381,0,191,1221
717818,34272,0,0.0,2190,0.06390056022408963,0,0.0,0.0,64.77777777777777,58.0017092021994,68.5,70.0,17.961345186488824,381,0,180,1145
718076,34272,0,0.0,6890,0.2010387488328665,0,0.0,0.0,67.22222222222223,53.75940827719977,70.0,70.0,27.063833670587183,875,0,473,418
718072,34272,0,0.0,4130,0.12050653594771242,0,0.0,0.0,65.625,57.56990790529175,70.0,70.0,21.67432938986291,381,0,481,553
767455,34272,0,0.0,3569,0.1041374883286648,0,0.0,0.0,68.125,60.67373067282468,70.0,70.0,20.788409045724013,402,0,230,391
767454,34272,0,0.0,4256,0.12418300653594772,0,0.0,0.0,68.22222222222223,59.136392068401435,70.0,70.0,22.76842805492598,413,0,339,546
761599,34272,0,0.0,3230,0.09424603174603174,0,0.0,0.0,58.57142857142857,52.31780608076564,66.0,70.0,18.007831302697927,588,0,250,1055
717099,34272,0,0.0,3073,0.08966503267973856,0,0.0,0.0,66.125,58.80936360655373,69.5,70.0,19.30709536638966,852,0,207,890
773916,34272,0,0.0,2648,0.07726423902894491,0,0.0,0.0,66.55555555555556,57.32893451362026,69.77777777777777,70.0,20.680957323292823,381,0,207,1197
716968,34272,0,0.0,3413,0.09958566760037348,0,0.0,0.0,57.5,50.3571844362745,69.25,70.0,19.507971038311076,1134,0,182,1218
769467,34272,0,0.0,2159,0.06299603174603174,0,0.0,0.0,62.125,53.62332691178323,67.22222222222223,70.0,18.634072164829274,381,0,196,1338
717576,34272,0,0.0,4675,0.13640873015873015,0,0.0,0.0,65.75,55.39395911142235,69.88888888888889,70.0,23.041762290478726,1118,0,436,1022
717573,34272,0,0.0,2716,0.07924836601307189,0,0.0,0.0,65.22222222222223,57.10787555763046,68.875,70.0,20.24791112018728,381,0,208,1095
717572,34272,0,0.0,2162,0.06308356676003735,0,0.0,0.0,64.11111111111111,57.58233773833607,69.25,70.0,17.944937136479542,381,0,209,1179
717571,34272,0,0.0,2178,0.06355042016806722,0,0.0,0.0,65.66666666666667,57.749771204778206,69.22222222222223,70.0,18.34008570472146,381,0,203,1064
717570,34272,0,0.0,2350,0.06856909430438843,0,0.0,0.0,66.75,61.34819168408103,69.75,70.0,17.316639021544844,381,0,276,735
764760,34272,0,0.0,2169,0.06328781512605042,0,0.0,0.0,66.25,57.35658556246573,69.33333333333333,70.0,19.62828754212359,381,0,188,1047
718089,34272,0,0.0,3064,0.08940242763772176,0,0.0,0.0,62.25,52.79660438249374,69.375,70.0,20.696621307357507,381,0,213,1388
769847,34272,0,0.0,2728,0.0795985060690943,0,0.0,0.0,60.666666666666664,54.96610858463756,67.75,70.0,17.16412729516461,381,0,218,900
717608,34272,0,0.0,2149,0.06270424836601307,0,0.0,0.0,66.625,58.88971318851615,69.625,70.0,19.624048342402823,381,0,184,1106
767523,34272,0,0.0,2148,0.0626750700280112,0,0.0,0.0,68.0,62.98533591677411,69.88888888888889,70.0,16.639508165137073,381,0,195,563
716942,34272,0,0.0,2843,0.08295401493930905,0,0.0,0.0,58.625,50.13559152827798,68.2302777777778,70.0,20.374561070921303,381,0,230,1261
718090,34272,0,0.0,2878,0.08397525676937441,0,0.0,0.0,55.56349206349206,47.09530227600299,65.125,70.0,19.669427828397005,381,0,231,1361
769867,34272,0,0.0,2268,0.0661764705882353,0,0.0,0.0,59.0,53.915647069012785,68.0,70.0,16.1101067384427,381,0,189,1007
717472,34272,0,0.0,3683,0.10746381886087769,0,0.0,0.0,66.5,50.16458629748196,70.0,70.0,26.470928750355426,382,0,729,1365
717473,34272,0,0.0,2399,0.06999883286647993,0,0.0,0.0,65.25,57.085086279882326,69.125,70.0,19.40613475800772,381,0,199,1310
759591,34272,0,0.0,3472,0.10130718954248366,0,0.0,0.0,61.111111111111114,54.05613522029182,68.25,70.0,19.398202672369354,564,0,220,1073
764781,34272,0,0.0,2161,0.06305438842203548,0,0.0,0.0,62.42857142857143,53.42603101425756,67.625,70.0,19.23462640416629,381,0,172,1293
765099,34272,0,0.0,2170,0.06331699346405228,0,0.0,0.0,60.0,50.946180080828626,66.875,70.0,18.548777575821035,381,0,169,1360
762329,34272,0,0.0,2649,0.07729341736694678,0,0.0,0.0,67.5,61.38243961936626,70.0,70.0,18.702861954815923,384,0,332,717
716953,34272,0,0.0,2991,0.08727240896358543,0,0.0,0.0,58.77777777777778,51.497955733219214,67.875,70.0,18.56742951614047,857,0,176,1286
716951,34272,0,0.0,2810,0.08199112978524743,0,0.0,0.0,64.375,53.0072844415544,69.25,70.0,21.26551826624223,381,0,181,1229
767509,34272,0,0.0,2223,0.06486344537815127,0,0.0,0.0,63.125,58.55966664443555,69.0,70.0,16.082933752659414,381,0,200,800
765182,34272,0,0.0,2241,0.06538865546218488,0,0.0,0.0,64.14285714285714,58.061180849654676,69.375,70.0,17.527752093503175,381,0,215,1055
769358,34272,0,0.0,2240,0.06535947712418301,0,0.0,0.0,58.666666666666664,50.25957021697568,66.55555555555556,70.0,18.47069075172112,381,0,182,1336
772513,34272,0,0.0,3058,0.08922735760971055,0,0.0,0.0,64.11111111111111,55.31315639681798,69.55555555555556,70.0,19.792549954428896,381,0,245,1132
716958,34272,0,0.0,2999,0.08750583566760037,0,0.0,0.0,61.666666666666664,50.12221810020305,68.44444444444444,70.0,21.880773946548242,381,0,181,1421
718496,34272,0,0.0,3667,0.1069969654528478,0,0.0,0.0,58.125,49.61871946695345,69.11111111111111,70.0,21.33000600272446,1134,0,189,1355
769346,34272,0,0.0,2243,0.06544701213818861,0,0.0,0.0,63.625,53.2208495203637,69.625,70.0,19.573755925931945,381,0,203,1266
773904,34272,0,0.0,2629,0.07670985060690944,0,0.0,0.0,62.375,54.31570445307752,67.44444444444444,70.0,19.153544042581505,381,0,207,1130
718499,34272,0,0.0,3115,0.09089052287581699,0,0.0,0.0,60.333333333333336,53.60909417007544,66.5,70.0,18.56904454844681,381,0,604,1143
764853,34272,0,0.0,2221,0.06480508870214753,0,0.0,0.0,40.44444444444444,38.11408320272553,62.5,70.0,19.478192376596567,381,0,132,1335
761003,34272,0,0.0,2179,0.06357959850606909,0,0.0,0.0,68.0,59.41758906108739,70.0,70.0,20.201272667219094,381,0,204,1106
717502,34272,0,0.0,3109,0.09071545284780579,0,0.0,0.0,61.875,50.552871044251035,67.85714285714286,70.0,21.15065902484453,381,0,213,1332
759602,34272,0,0.0,3077,0.08978174603174603,0,0.0,0.0,61.55555555555556,55.375143761208186,68.5,70.0,18.366802065691118,381,0,242,998
717504,34272,0,0.0,3114,0.09086134453781512,0,0.0,0.0,63.22222222222222,51.371587083907635,69.25,70.0,21.851863493071765,381,0,216,1295
763995,34272,0,0.0,3095,0.09030695611577964,0,0.0,0.0,67.66666666666667,54.06108408641235,70.0,70.0,25.212471816655626,575,0,207,1309
717508,34272,0,0.0,3583,0.10454598506069095,0,0.0,0.0,60.888888888888886,49.25048618984631,67.875,70.0,21.77895689248213,381,0,253,1379
765265,34272,0,0.0,2167,0.06322945845004668,0,0.0,0.0,58.375,51.57973863156374,64.88888888888889,70.0,17.678222513079834,381,0,172,1261
773996,34272,0,0.0,2601,0.07589285714285714,0,0.0,0.0,62.25,56.75440548904747,66.5,70.0,16.748400671926937,442,0,195,733
773995,34272,0,0.0,2586,0.07545518207282913,0,0.0,0.0,63.5,58.14902394985772,67.75805555555557,70.0,17.12437313028828,442,0,192,744
717469,34272,0,0.0,2159,0.06299603174603174,0,0.0,0.0,58.625,52.1749378918234,65.375,70.0,17.30353754090881,381,0,193,1247
717468,34272,0,0.0,2154,0.06285014005602241,0,0.0,0.0,61.888888888888886,47.950808517851584,68.0,70.0,24.181958322291578,381,0,189,1390
764106,34272,0,0.0,2148,0.0626750700280112,0,0.0,0.0,56.75,52.311002734427106,62.333333333333336,66.0,14.207491083837056,381,0,193,711
717465,34272,0,0.0,2169,0.06328781512605042,0,0.0,0.0,63.625,55.77086651790345,68.5,70.0,19.31771735942152,381,0,207,1245
764794,34272,0,0.0,2176,0.06349206349206349,0,0.0,0.0,59.111111111111114,51.13110636615757,68.88888888888889,70.0,18.755181746538245,381,0,191,1478
717466,34272,0,0.0,2162,0.06308356676003735,0,0.0,0.0,64.25,49.23510998149259,69.25,70.0,23.631819011015818,381,0,179,1422
717461,34272,0,0.0,2839,0.08283730158730158,0,0.0,0.0,60.0,43.11018372626829,69.375,70.0,25.312539454208856,399,0,151,1399
717460,34272,0,0.0,2837,0.08277894491129785,0,0.0,0.0,65.875,57.6181135764491,69.75,70.0,20.34451390482346,399,0,202,1187
717463,34272,0,0.0,2156,0.06290849673202614,0,0.0,0.0,66.88888888888889,58.805025366628136,69.75,70.0,19.825124687396407,381,0,206,1123
717462,34272,0,0.0,2180,0.06360877684407096,0,0.0,0.0,67.375,47.57969008205134,70.0,70.0,26.27596412470414,381,0,194,1354
769345,34272,0,0.0,2237,0.06527194211017741,0,0.0,0.0,61.22222222222222,51.940872483252555,67.55555555555556,70.0,19.253892629278184,381,0,180,1301
716943,34272,0,0.0,2847,0.08307072829131652,0,0.0,0.0,54.375,47.47757069262891,67.22222222222223,70.0,19.28393693005436,381,0,216,1465
772669,34272,0,0.0,3631,0.10594654528478058,0,0.0,0.0,68.25,56.94197900224905,70.0,70.0,22.093454083581296,399,0,402,1150
717582,34272,0,0.0,2238,0.06530112044817928,0,0.0,0.0,67.375,61.933348987743244,69.55555555555556,70.0,16.923977517190842,381,0,216,752
717583,34272,0,0.0,3097,0.09036531279178338,0,0.0,0.0,66.0,58.52570698418256,69.66666666666667,70.0,19.57414746336207,854,0,191,905
717580,34272,0,0.0,3002,0.08759337068160597,0,0.0,0.0,65.875,59.11411269368858,69.75,70.0,18.955855408653324,854,0,195,794
716949,34272,0,0.0,2932,0.08555088702147526,0,0.0,0.0,58.0,51.3562910696686,68.0,70.0,18.429656497742414,381,0,206,1226
717587,34272,0,0.0,3172,0.09255368814192344,0,0.0,0.0,66.5,59.74347289841863,69.5,70.0,19.391914002611397,854,0,203,619
772178,34272,0,0.0,2188,0.0638422035480859,0,0.0,0.0,59.111111111111114,51.322153491026036,68.375,70.0,17.963752855121204,381,0,194,1326
717585,34272,0,0.0,3411,0.09952731092436974,0,0.0,0.0,65.77777777777777,58.922129627313886,69.44444444444444,70.0,19.841653965188833,854,0,201,540
716939,34272,0,0.0,6464,0.18860877684407096,0,0.0,0.0,57.333333333333336,42.71414810137018,68.375,70.0,25.126987050900183,905,0,179,1375
768469,34272,0,0.0,2265,0.06608893557422969,0,0.0,0.0,65.375,56.83131517653357,69.75,70.0,18.85627222761353,381,0,194,1116
764101,34272,0,0.0,2410,0.07031979458450047,0,0.0,0.0,67.75,58.476606290664414,70.0,70.0,21.426867274241168,381,0,211,1106
767554,34272,0,0.0,2255,0.06579715219421102,0,0.0,0.0,62.25,57.91218522131075,66.66666666666667,70.0,15.628954900501599,381,0,207,553
773975,34272,0,0.0,2181,0.06363795518207283,0,0.0,0.0,65.375,60.02729067321373,68.875,70.0,16.435134051505425,381,0,199,842
773974,34272,0,0.0,2165,0.06317110177404295,0,0.0,0.0,56.375,52.591316955022755,63.5,69.625,14.29088140824062,381,0,197,783
717510,34272,0,0.0,5156,0.15044351073762838,0,0.0,0.0,58.5,49.30283443238407,67.77777777777777,70.0,22.06604794819909,381,0,323,1150
717513,34272,0,0.0,4819,0.14061041083099907,0,0.0,0.0,61.714285714285715,51.5136388583211,67.5,70.0,22.265636184188747,381,0,295,1137
717825,34272,0,0.0,2153,0.06282096171802054,0,0.0,0.0,66.125,59.72943306952411,69.5,70.0,17.401902364836186,381,0,191,1136
767495,34272,0,0.0,3316,0.09675536881419235,0,0.0,0.0,67.88888888888889,61.158634252312034,70.0,70.0,20.106277168699457,393,0,336,356
767494,34272,0,0.0,2205,0.06433823529411764,0,0.0,0.0,64.0,59.806894841269845,69.22222222222223,70.0,16.022908470197116,381,0,205,567
717821,34272,0,0.0,2322,0.06775210084033613,0,0.0,0.0,64.71428571428571,58.08075761554622,68.66666666666667,70.0,18.375164132714474,381,0,277,1159
717823,34272,0,0.0,2158,0.06296685340802988,0,0.0,0.0,64.125,57.17703697219629,69.22222222222223,70.0,17.99211426370917,381,0,196,1161
717458,34272,0,0.0,2166,0.06320028011204482,0,0.0,0.0,54.111111111111114,40.85518965688127,68.22222222222223,70.0,24.51500843055359,381,0,136,1451
717459,34272,0,0.0,2157,0.06293767507002801,0,0.0,0.0,64.57142857142857,57.609655887818086,69.75,70.0,18.350997473322337,381,0,206,1260
769926,34272,0,0.0,2732,0.07971521942110177,0,0.0,0.0,63.0,57.115527044150994,68.55555555555556,70.0,17.562917101924395,381,0,227,863
764858,34272,0,0.0,2171,0.06334617180205415,0,0.0,0.0,64.125,56.20347377376876,69.11111111111111,70.0,19.087608207969833,381,0,224,1238
717450,34272,0,0.0,2308,0.06734360410830999,0,0.0,0.0,43.625,45.401329883805374,69.22222222222223,70.0,20.055495724073335,381,0,151,1450
717452,34272,0,0.0,2174,0.06343370681605975,0,0.0,0.0,60.77777777777778,54.655088725304935,68.25,70.0,17.58829157815043,381,0,202,1281
717453,34272,0,0.0,2217,0.06468837535014006,0,0.0,0.0,36.75,42.36161180907548,68.5,70.0,20.31908354082744,381,0,122,1420
759772,34272,0,0.0,3752,0.10947712418300654,0,0.0,0.0,56.888888888888886,49.847139955519246,67.66666666666667,70.0,19.189602571101,1160,0,353,1123
717456,34272,0,0.0,2258,0.06588468720821662,0,0.0,0.0,66.625,58.403954417415115,70.0,70.0,19.376475463346857,381,0,227,1395
771673,34272,0,0.0,2884,0.08415032679738563,0,0.0,0.0,32.77777777777778,30.006008595567856,44.25,70.0,10.437776078720388,381,0,33,933
772167,34272,0,0.0,2290,0.06681839402427638,0,0.0,0.0,43.22222222222222,37.80334207757177,55.125,65.0,13.525545736810727,381,0,157,1210
769372,34272,0,0.0,2194,0.0640172735760971,0,0.0,0.0,67.11111111111111,58.15667915314274,70.0,70.0,20.690108817654934,381,0,221,1166
774204,34272,0,0.0,3645,0.10635504201680672,0,0.0,0.0,61.77777777777778,51.21752302772961,67.44444444444444,70.0,22.224672278883663,1134,0,189,1210
769806,34272,0,0.0,2171,0.06334617180205415,0,0.0,0.0,64.875,59.79575434340403,69.125,70.0,16.125989636474678,381,0,210,760
717590,34272,0,0.0,3105,0.09059873949579832,0,0.0,0.0,66.77777777777777,59.329922732982084,69.88888888888889,70.0,19.849660112136142,852,0,210,979
717592,34272,0,0.0,3097,0.09036531279178338,0,0.0,0.0,63.0,56.915082572380804,67.5,70.0,18.260171435347527,852,0,212,637
717595,34272,0,0.0,2264,0.06605975723622783,0,0.0,0.0,67.625,62.48467876734028,69.875,70.0,16.958990819180606,381,0,210,565
772168,34272,0,0.0,2150,0.06273342670401494,0,0.0,0.0,61.125,54.69738069996517,67.5,70.0,16.30341336582459,381,0,182,950
718141,34272,0,0.0,2526,0.07370448179271709,0,0.0,0.0,66.125,58.92021002845583,69.875,70.0,19.080195273828792,381,0,277,1176
769373,34272,0,0.0,2170,0.06331699346405228,0,0.0,0.0,62.0,51.19750367739689,65.625,70.0,21.23904400100387,381,0,208,1294
