sensor_id,valid_count,total_count,coverage_rate,free_flow_q85_eda,mean_speed_valid,median_speed_valid,p10_speed_valid,std_speed_valid,congestion_rate_50,congestion_rate_60,congestion_rate_70,congestion_event_count_60,average_event_duration_minutes_60,max_event_duration_minutes_60,latitude,longitude
716339,32065,34272,0.9356034080298786,65.55555555555556,40.38074537336126,34.111111111111114,14.625,23.30418861618289,0.4981755808513956,0.5062529237486356,0.513332293778263,404,200.90346534653466,980,34.07821,-118.28795
717453,32055,34272,0.93531162464986,65.5,45.29144158230028,39.44444444444444,24.666666666666668,17.570534355905718,0.3621275931991889,0.49845577912962097,0.528872250818905,889,89.86501687289089,915,34.07696,-118.28093
764853,32051,34272,0.9351949112978525,59.0,40.75522946316192,47.0,18.444444444444443,17.264132909087316,0.35334310941936287,0.436647842501014,0.46900252722223956,659,106.18361153262519,885,34.06461,-118.25102
717458,32106,34272,0.9367997198879552,65.83333333333333,43.61144521026081,58.666666666666664,13.875,22.832570172422795,0.4208559147822837,0.4360867127639694,0.4490437924375506,488,143.452868852459,885,34.08265,-118.29755
773023,32105,34272,0.9367705415499533,53.875,38.47159669536729,38.44444444444444,21.0,13.774537551892768,0.2908581217878835,0.42968384986762187,0.4964335773244043,1080,63.86574074074075,725,34.05773,-118.24348
717461,31433,34272,0.9171626984126984,67.70285714285716,47.0038563505447,62.875,15.777777777777779,22.706313955956244,0.3902268316737187,0.40444755511723346,0.41450068399452805,467,136.1134903640257,840,34.08558,-118.30174
717450,31964,34272,0.93265639589169,66.77777777777777,48.67958884300395,46.17142857142858,28.125,16.482767096338765,0.2181203854336128,0.39844825428607183,0.5048179201601802,2373,26.835229667088075,380,34.07488,-118.27362
716331,32040,34272,0.9348739495798319,66.5,49.71947221231419,50.25,31.125,14.974140703131853,0.14719101123595504,0.3619850187265918,0.4583333333333333,1793,32.342442833240376,565,34.07006,-118.26246
717462,32092,34272,0.936391223155929,69.55555555555556,50.811764255642046,67.875,14.5,23.939493561268613,0.3326374174249034,0.3444160538451951,0.3542939050230587,495,111.64646464646465,775,34.08993,-118.30607
717446,31809,34272,0.9281337535014006,66.25,49.647798491691816,47.875,30.375,15.042393156756008,0.15379295168034204,0.312773114527335,0.4706215222106951,2055,24.206812652068127,350,34.07142,-118.26572
717466,32110,34272,0.9369164332399627,67.5,52.55016160964556,64.66666666666667,17.75,20.539188448029638,0.26172531921519776,0.27726564933042663,0.2898162566178761,506,87.97430830039525,750,34.09359,-118.30918
718045,30848,34272,0.900093370681606,64.42857142857143,48.97008325254836,59.0,16.375,19.64891391068454,0.26568983402489627,0.2747341804979253,0.28338952282157676,493,85.95334685598377,465,34.06712,-118.23973
717493,31822,34272,0.9285130718954249,64.375,51.723511561832645,60.11805555555556,26.5,15.290395435689607,0.17553893532776066,0.262459933379423,0.3157878197473446,887,47.08004509582864,385,34.15434,-118.39618
769431,30599,34272,0.892827964519141,63.44444444444444,51.368016020857326,57.5,28.41785714285715,13.776154158095594,0.1568351906925063,0.23670708193078205,0.2838981666067519,749,48.351134846461946,460,34.15843,-118.45664
717468,32118,34272,0.9371498599439776,65.77777777777777,51.166638941522244,62.375,11.11111111111111,21.434584098680354,0.22750482595429355,0.2366897067065197,0.24690204869543558,438,86.78082191780823,725,34.09699,-118.31381
716939,27808,34272,0.811391223155929,65.625,52.64309852309237,59.875,23.75,15.98237650071248,0.19814441887226697,0.23270281933256617,0.2544231875719217,420,77.03571428571428,475,34.04301,-118.21724
769430,30184,34272,0.880718954248366,67.11111111111111,54.57281638227345,63.125,23.75833333333334,17.172875009335286,0.21054200901139677,0.22757089848926584,0.23704611714815796,308,111.50974025974025,565,34.15818,-118.45658
769346,32029,34272,0.9345529878618114,68.25,56.94792078309991,64.375,33.55555555555556,14.061073915922325,0.10986918105466921,0.21555465359517936,0.27050485497517873,1028,33.57976653696498,355,34.15677,-118.40424
717495,31861,34272,0.9296510270774977,68.66666666666667,57.09451163860079,65.75,28.22222222222222,16.011100209738117,0.16352280217193435,0.2138978688678949,0.24798342801544207,849,40.13545347467609,375,34.15664,-118.41326
717472,30589,34272,0.8925361811391224,69.11111111111111,56.20454089990851,67.11111111111111,13.666666666666666,21.10934909203737,0.19748929353689235,0.20700251724476118,0.2153388472980483,462,68.52813852813853,705,34.10045,-118.31601
769359,32028,34272,0.9345238095238095,64.66666666666667,53.586473975648225,59.888888888888886,30.25,13.759317227687955,0.12638940926689146,0.20379043337080055,0.2527788185337829,1058,30.84593572778828,290,34.1566,-118.42216
773939,32055,34272,0.93531162464986,67.75,53.408805376671566,63.0,13.875,20.074085860394035,0.19429106223678053,0.2029012634534394,0.2229293401965372,492,66.09756097560975,460,34.15297,-118.37226
717504,31158,34272,0.9091386554621849,67.75,56.505778051854556,64.11111111111111,28.11111111111111,15.333469639413199,0.15305860453174144,0.19949932601579048,0.22822389113550293,822,37.81021897810219,330,34.16519,-118.49166
716951,31462,34272,0.9180088702147525,67.875,57.7415819840111,64.875,29.785714285714317,14.806966575144344,0.1573962240162736,0.1968088487699447,0.2098086580636959,517,59.88394584139265,385,34.08581,-118.23182
760024,32120,34272,0.9372082166199813,65.125,54.3021582013877,62.125,21.625,16.608407415764326,0.1860211706102117,0.19433374844333748,0.20146326276463264,295,105.79661016949153,625,34.1593,-118.46483
769444,30602,34272,0.8929154995331466,64.44444444444444,54.216665655217135,60.375,30.5,13.443716575429761,0.12156068230834587,0.194301026076727,0.22720737206718516,871,34.13318025258324,295,34.15555,-118.43908
716958,31273,34272,0.9124941643323996,66.0,54.92880947559086,62.25,24.5,16.144985850148903,0.1612573146164423,0.1924663447702491,0.21056502414223133,606,49.661716171617165,455,34.11167,-118.26501
717502,31163,34272,0.9092845471521942,65.77777777777777,55.596316029540525,62.5,27.875,14.545915606546188,0.157109392548856,0.19234348426018033,0.20842024195359882,476,62.96218487394958,500,34.16521,-118.47484
717816,31959,34272,0.9325105042016807,68.25,56.69838682200453,66.22222222222223,17.625,19.16758278477092,0.1733471009731218,0.19146406333114302,0.20225914452892768,271,112.89667896678966,505,34.15562,-118.4686
716955,28898,34272,0.8431956115779645,48.125,38.82653988522303,41.75,19.444444444444443,11.664632498931354,0.14904145615613537,0.18894041110111426,0.23973977437884975,558,48.924731182795696,320,34.09579,-118.24427
772151,32091,34272,0.9363620448179272,65.25,54.59494206208213,61.666666666666664,25.875,15.105564936919615,0.15281543111775886,0.18830824841855973,0.2100900564021065,894,33.797539149888145,335,34.16928,-118.49872
764794,32096,34272,0.9365079365079365,66.0,54.597622051998805,59.75,29.625,13.650686818170055,0.13225947158524426,0.17728065802592224,0.21279910269192423,588,48.384353741496604,475,34.16028,-118.46808
760650,31271,34272,0.9124358076563959,59.25,49.92356836523326,55.77777777777778,21.88888888888889,13.94089214866743,0.16353810239519043,0.17722490486393144,0.18838540500783474,352,78.7215909090909,450,34.07505,-118.23256
717499,32054,34272,0.9352824463118581,60.77777777777778,50.39031610595599,55.75,27.125,13.02517612488183,0.13009296811630375,0.1752667373806701,0.2156049167030636,1006,27.922465208747514,280,34.15666,-118.44808
769345,32035,34272,0.9347280578898226,65.375,55.56789704217387,61.57142857142857,28.88888888888889,13.966139511151273,0.1364757296706727,0.1751521773060715,0.19416263461838615,652,43.02914110429448,395,34.15655,-118.40441
769358,32032,34272,0.934640522875817,63.888888888888886,53.774225476904,59.22222222222222,29.625,13.267491994064144,0.12331418581418581,0.17245254745254746,0.20719905094905094,1017,27.158308751229107,355,34.15679,-118.42222
772167,31982,34272,0.9331816059757236,48.5,40.51016633364216,43.666666666666664,25.625,9.2943814381579,0.07441685948345944,0.17200300168844976,0.24072916015258583,1230,22.36178861788618,250,34.16526,-118.47985
717508,30689,34272,0.8954540149393091,65.88888888888889,55.000575538414736,62.0,28.555555555555557,14.609683825468162,0.13118707028577015,0.17169018214995602,0.22574863957769886,1027,25.65238558909445,315,34.17112,-118.51814
765099,32102,34272,0.9366830065359477,64.125,54.38999077098524,60.375,29.444444444444443,13.416615105717858,0.12226652545012771,0.1679023113824684,0.2029468568936515,589,45.75551782682513,420,34.16378,-118.47224
772178,32084,34272,0.9361577964519141,64.5,54.82211832827737,59.666666666666664,32.23055555555556,12.362343238626325,0.10001870091011096,0.15786684952000998,0.195923201595811,1088,23.276654411764707,255,34.16903,-118.49885
763995,31177,34272,0.9096930438842203,69.44444444444444,59.42783057412587,68.0,14.625,19.489450394196083,0.14792956346024314,0.15514642204188986,0.16140103281265036,219,110.4337899543379,375,34.21979,-118.40931
717498,32059,34272,0.9354283380018674,55.22222222222222,47.077233208910066,52.375,27.0,11.117725938898094,0.10561776724164822,0.15299915780280107,0.19127234162013787,912,26.891447368421055,325,34.15571,-118.43273
764781,32111,34272,0.9369456115779645,65.55555555555556,57.02148593692602,62.77777777777778,28.666666666666668,13.778639229932088,0.1260315779639376,0.1481423811155056,0.1605680296471614,388,61.30154639175258,465,34.16037,-118.47012
716960,31222,34272,0.9110060690943044,66.77777777777777,56.606610888435306,62.125,31.0,13.815522773265632,0.11421433604509641,0.14758823906219973,0.17631798091089615,674,34.1839762611276,360,34.12121,-118.27164
769373,32102,34272,0.9366830065359477,64.0,54.658303097369405,62.25,16.112500000000004,17.100537570504564,0.13815338608186406,0.14675098124727431,0.15562893277677403,410,57.451219512195124,465,34.10262,-118.31747
769443,30594,34272,0.8926820728291317,67.125,57.459345177132924,63.5,34.5,12.918478721643831,0.09269791462378243,0.14600902137674054,0.19395959992155323,946,23.609936575052856,305,34.15574,-118.43931
716942,31429,34272,0.9170459850606909,65.125,54.670749717049056,59.333333333333336,23.88888888888889,14.308506353809923,0.13716631136848134,0.14477075312609375,0.15418880651627478,254,89.56692913385825,580,34.0593,-118.21451
718379,31457,34272,0.9178629785247432,65.33333333333333,55.33131054182795,60.44444444444444,27.375,14.066729440565359,0.1269351813586801,0.14429220841148235,0.1564675588899132,337,67.34421364985164,535,34.14224,-118.27812
717497,32051,34272,0.9351949112978525,67.75,58.614431649855696,64.75,33.55555555555556,13.560526548962152,0.10190009672085114,0.14336526161430221,0.1764063523759009,1003,22.906281156530408,320,34.15685,-118.41456
765171,31564,34272,0.920985060690943,66.875,55.337878797022135,61.875,16.395833333333346,17.605130902977784,0.1348371562539602,0.14234571030287668,0.15961221644911924,239,93.99581589958159,380,34.16789,-118.46896
767053,32096,34272,0.9365079365079365,60.125,51.139592878111756,56.888888888888886,17.25,14.87799160011194,0.13241525423728814,0.14229187437686938,0.1524489032901296,235,97.17021276595744,375,34.17091,-118.46775
773062,32096,34272,0.9365079365079365,66.11111111111111,58.164679016027755,62.55555555555556,34.77777777777778,11.426661178601787,0.08100697906281157,0.1348454636091725,0.1474015453639083,309,70.03236245954693,310,34.05368,-118.23369
718090,31394,34272,0.9160247432306255,61.333333333333336,51.41269668099572,56.25,23.0,14.155732339210768,0.11387526278906797,0.1256928075428426,0.14837230043957444,413,47.772397094431,405,34.14847,-118.27969
772597,32120,34272,0.9372082166199813,68.33333333333333,59.678701842297876,65.125,37.75,12.334590234377897,0.07478206724782067,0.12369240348692404,0.16506849315068492,1042,19.064299424184263,275,34.17109,-118.50495
769467,32113,34272,0.9370039682539683,65.44444444444444,57.22849499955291,62.5,34.5,12.816198673888673,0.0919253884719584,0.12191324385762775,0.14617133248217232,904,21.653761061946902,215,34.15451,-118.39699
773927,31068,34272,0.9065126050420168,68.0,60.13764758972152,65.0,32.25,12.693946575118037,0.10763486545641818,0.12173297283378395,0.13109952362559546,306,61.79738562091504,310,34.15262,-118.28034
764760,32103,34272,0.9367121848739496,68.25,61.2318132385392,66.44444444444444,31.0,13.191388460455672,0.10952247453509018,0.12170202161791732,0.129645204498022,181,107.92817679558011,365,34.13401,-118.35506
718089,31208,34272,0.9105975723622782,67.125,57.980172564625875,62.888888888888886,35.125,13.033086824912793,0.0922519866700846,0.12118687516021533,0.14736605998461932,663,28.52187028657617,350,34.12769,-118.27372
718371,31277,34272,0.9126108776844071,66.0,56.87212178836204,61.0,37.375,11.108837291511588,0.05214694503948589,0.12005627138152636,0.17018895674137546,1123,16.718610863757792,280,34.09017,-118.23849
717480,32069,34272,0.9357201213818861,68.75,61.60139018198337,67.11111111111111,32.0,14.066304801252272,0.10745579843462534,0.11908696872368954,0.12392029685989585,168,113.66071428571429,355,34.10478,-118.32497
716941,31432,34272,0.9171335200746965,63.875,54.290952312777975,59.0,25.25,14.941983653621724,0.11055612115041995,0.1178098752863324,0.12935861542377194,348,53.20402298850575,395,34.05767,-118.21435
717492,32034,34272,0.9346988795518207,66.125,56.84893581571561,61.44444444444444,36.55555555555556,12.324605979687849,0.08437909720921521,0.11565836298932385,0.15733283386401947,626,29.5926517571885,425,34.15459,-118.37935
768469,32007,34272,0.9339110644257703,68.5,60.853026954421146,65.75,36.888888888888886,11.661349564890662,0.08223201174743025,0.11422501327834536,0.13275221045396318,304,60.131578947368425,350,34.13583,-118.35993
767350,32097,34272,0.9365371148459384,67.16666666666667,59.60811728436283,65.625,25.375,16.070631677868587,0.10764245879677228,0.11184845935757236,0.11617908215721096,157,114.33121019108282,365,34.18011,-118.47045
716943,31425,34272,0.9169292717086834,62.25,51.778879961106504,55.125,34.125,13.521961653529578,0.09441527446300715,0.10870326173428799,0.1411296738265712,524,32.595419847328245,390,34.05987,-118.21492
716968,30859,34272,0.9004143323996265,65.75,55.92668022294952,58.57142857142857,38.625,10.543599806369754,0.0449463689685343,0.1083638484720827,0.17239703166013157,808,20.693069306930695,290,34.16588,-118.29809
717489,31859,34272,0.929592670401494,62.77777777777778,56.1051510325506,60.333333333333336,31.555555555555557,12.017269671381099,0.09968925578329514,0.10668884773533381,0.11098904548165353,176,96.5625,320,34.13876,-118.36438
717804,30546,34272,0.8912815126050421,62.875,53.197541919602926,56.888888888888886,36.55555555555556,11.792926127143206,0.07064754796045308,0.10649512211091469,0.15979178943233158,990,16.429292929292927,150,34.09478,-118.47605
765176,32057,34272,0.9353699813258637,68.875,62.876670486747,67.5,38.111111111111114,12.184982706101515,0.08983997254889728,0.10627943974794897,0.11548179804722837,166,102.62048192771084,315,34.13286,-118.35135
717571,32094,34272,0.9364495798319328,67.88888888888889,61.66885270549518,65.88888888888889,40.0,10.839734701194594,0.058297501090546516,0.10372655324982863,0.12531937433788248,400,41.6125,355,34.15326,-118.35921
718496,30605,34272,0.8930030345471522,66.0,55.56388673652741,59.125,37.125,13.384528579019703,0.09488645646136253,0.10318575396177095,0.1233785329194576,246,64.1869918699187,320,34.15403,-118.34232
717483,31781,34272,0.9273167600373483,65.375,58.97009234328386,62.875,38.875,10.497277057666224,0.04829929832289733,0.10301752619489632,0.13281520405273592,429,38.15850815850816,260,34.11684,-118.33698
717486,32084,34272,0.9361577964519141,61.75,55.34362611883903,58.77777777777778,36.75,10.225639261677438,0.06233636703652911,0.10120309188380501,0.12146241117067698,362,44.84806629834254,255,34.12974,-118.34809
774204,30627,34272,0.8936449579831933,65.5,57.31305544801469,62.44444444444444,38.125,14.260683803263927,0.09599373102164757,0.10076076664381102,0.11022953603030006,193,79.94818652849742,360,34.15397,-118.34172
769372,32078,34272,0.9359827264239029,69.0,62.134350892714906,67.25,41.654166666666676,14.498602011177285,0.09367791009414551,0.09975684269592867,0.10409003055053308,172,93.0232558139535,275,34.1027,-118.3173
765273,32087,34272,0.9362453314659197,64.25,55.71109812558224,60.44444444444444,39.44444444444444,14.05564075039923,0.08813538193037679,0.09813943341540188,0.11312992800822763,304,51.79276315789473,360,34.18949,-118.47437
717465,32103,34272,0.9367121848739496,66.44444444444444,59.53895702275779,63.875,43.22777777777778,13.192387381757209,0.09148677693673489,0.09812167087188113,0.10195308849640221,175,90.0,325,34.09373,-118.30907
773904,31643,34272,0.9232901493930906,65.5,58.8284240753366,62.75,41.55555555555556,11.483109480631871,0.08491609518692918,0.09701987801409474,0.10488891698005878,186,82.5268817204301,300,34.15641,-118.30266
717469,32113,34272,0.9370039682539683,62.5,55.682728845905935,58.888888888888886,42.375,11.145354921162513,0.08600878149036216,0.09535079251393516,0.10148537975274811,196,78.11224489795919,260,34.0971,-118.31366
764949,32081,34272,0.9360702614379085,61.375,55.42609968418278,58.5,40.25,9.737593790957568,0.06972974657897198,0.09513419157756928,0.10408029674885447,203,75.17241379310346,300,34.12881,-118.34684
773024,32102,34272,0.9366830065359477,66.625,59.989554265520624,64.0,46.75,12.155315021735843,0.08837455610242352,0.09448009469814965,0.09983801632297053,139,109.10071942446044,290,34.05759,-118.24357
717488,32016,34272,0.9341736694677871,67.0,60.60756776869478,64.875,43.5,11.49491930402445,0.07290104947526237,0.09395302348825588,0.10554097951024488,328,45.853658536585364,220,34.13561,-118.36006
764766,32118,34272,0.9371498599439776,68.75,62.722922492159356,67.0,43.75,11.280599128831726,0.06286194657201569,0.09284513356996077,0.11146397658633787,398,37.462311557788944,225,34.13338,-118.3535
764858,32101,34272,0.9366538281979458,67.0,60.0045311103892,64.375,43.625,12.684491600048071,0.07918756425033488,0.09267624061555715,0.10747328743652845,608,24.465460526315788,265,34.1527,-118.3754
773953,32084,34272,0.9361577964519141,64.75,58.31220661092008,61.666666666666664,42.63750000000001,10.20020726584478,0.0718426630095998,0.09203964592943523,0.10469392843785064,217,68.04147465437788,290,34.15522,-118.29344
773916,31624,34272,0.9227357609710551,68.625,62.12930823585878,66.875,46.23055555555556,12.855786314876603,0.07889577536048571,0.09100683025550214,0.10289653427776373,262,54.9236641221374,285,34.15247,-118.2852
716953,31281,34272,0.9127275910364145,65.0,56.42204337741387,59.5,39.875,9.99431389468364,0.030465777948275312,0.09021450720884883,0.15536587704996643,932,15.139484978540771,305,34.09458,-118.24279
717490,30235,34272,0.8822070494864612,65.22222222222223,59.101915012297894,63.125,52.125,12.081204787283651,0.08480238134612204,0.08860592029105341,0.09171489995038862,126,106.30952380952381,265,34.14745,-118.37124
761003,32093,34272,0.9364204014939309,69.375,63.451831000579304,68.125,56.77777777777778,13.409672939380958,0.08338266911787617,0.08777615056242795,0.09257470476427881,154,91.46103896103897,290,34.15546,-118.30841
717456,32014,34272,0.9341153127917834,68.88888888888889,62.52328124550683,66.875,46.25,12.015611579777799,0.06647091897294934,0.08768038982944962,0.10407946523396014,440,31.897727272727273,220,34.08102,-118.29325
764101,31862,34272,0.9296802054154996,69.375,62.89970029482289,67.88888888888889,57.111111111111114,14.684205197026381,0.08436381896930513,0.08762789529847467,0.09076643023036847,125,111.67999999999999,295,34.16421,-118.38246
717473,31873,34272,0.9300011671335201,67.625,61.38173617118366,65.55555555555556,47.38000000000001,11.883089623865995,0.06849057195745616,0.08725253349229756,0.09992783860948137,290,47.94827586206897,250,34.10054,-118.31581
768066,31965,34272,0.9326855742296919,67.77777777777777,61.51274173885619,65.75,46.625,11.77876946127908,0.07311121539183482,0.08725168152666979,0.10254966369466605,191,73.01047120418848,265,34.15118,-118.3748
717452,32098,34272,0.9365662931839402,65.75,58.35688207345151,61.142857142857146,45.125,10.689950727280454,0.06174839553866285,0.08461586391675494,0.10221820674185307,507,26.785009861932938,235,34.07502,-118.27356
717463,32116,34272,0.9370915032679739,68.66666666666667,62.75270361704679,67.11111111111111,57.888888888888886,13.103175608226273,0.08014696724374144,0.08438161663968116,0.08693486112840952,143,94.75524475524475,280,34.09004,-118.3059
718204,29645,34272,0.8649918300653595,68.375,62.686816615666295,66.22222222222223,48.75,9.868888772117112,0.045808736717827626,0.08203744307640412,0.09829650868611907,223,54.52914798206278,285,34.15541,-118.29575
716949,31340,34272,0.9144491129785247,64.55555555555556,56.16090643074927,58.77777777777778,42.75,10.07951891728952,0.050574345883854496,0.08028079132099553,0.11400765794511807,613,20.522022838499186,305,34.08406,-118.22974
765265,32105,34272,0.9367705415499533,62.0,55.061230412114995,58.666666666666664,45.75,11.912957150589936,0.07148419249338109,0.0793957327519078,0.09225977262108706,225,56.644444444444446,345,34.18529,-118.47395
716337,32100,34272,0.936624649859944,63.42857142857143,56.81662080304591,59.875,43.22222222222222,9.84482636023329,0.04881619937694704,0.07937694704049844,0.1039563862928349,584,21.815068493150687,205,34.07732,-118.28186
717445,32089,34272,0.9363036881419234,63.22222222222222,54.418243963836716,56.625,41.875,10.42002842136306,0.053538595780485525,0.07728505095203964,0.11692480289195674,634,19.558359621451103,230,34.06913,-118.25932
769402,32017,34272,0.934202847805789,64.77777777777777,58.43291971378272,61.75,43.2388888888889,9.54113366061942,0.03723022144485742,0.07658431458287784,0.10975419308492364,514,23.852140077821012,200,34.12095,-118.33911
773869,30429,34272,0.8878676470588235,67.66666666666667,61.53097121219472,65.375,55.772222222222226,12.316129322276971,0.07167504683032633,0.07496138552039174,0.07890499194847021,141,80.88652482269504,275,34.15497,-118.31829
769405,28926,34272,0.8440126050420168,53.666666666666664,47.90923095770402,50.25,34.75,8.044679032809688,0.032323860886399776,0.07391274286109382,0.11864758348890271,511,20.91976516634051,205,34.12634,-118.34482
717823,32114,34272,0.9370331465919701,67.375,61.019225606000994,64.5,51.375,10.536693729043183,0.05689107554337672,0.07345705922650557,0.08575699072055801,278,42.42805755395683,220,34.20264,-118.47326
772513,31214,34272,0.9107726423902894,68.11111111111111,60.73212327903332,64.75,44.25,10.050795161313028,0.02450823348497469,0.07259563016595118,0.13138335362337414,408,27.769607843137255,180,34.06871,-118.23661
717447,32098,34272,0.9365662931839402,60.625,52.87857114422376,54.333333333333336,43.625,9.520094839089797,0.049816187924481274,0.07065860801296031,0.0932145305003427,509,22.278978388998034,215,34.07248,-118.26772
772140,31176,34272,0.9096638655462185,65.0,57.345619353613706,62.375,40.77777777777778,10.202587798318763,0.020688991531947653,0.0695406723120349,0.19114062099050552,567,19.11816578483245,195,34.16498,-118.47493
717819,32088,34272,0.9362745098039216,68.49722222222226,63.09692736096747,66.55555555555556,55.714285714285715,10.057315005778293,0.04727624033906756,0.06856145599601098,0.08261655447519321,392,28.06122448979592,205,34.18784,-118.47407
717460,31435,34272,0.9172210550887021,68.42857142857143,62.81813228859747,66.125,58.25,11.16235075620303,0.05920152696039446,0.06852234770160649,0.0743756958803881,185,58.21621621621621,245,34.08571,-118.30161
761604,31373,34272,0.9154119981325863,60.81142857142861,50.448967391332,50.75,39.25714285714287,9.608859684728074,0.03522136869282504,0.06792464858317662,0.17339750741083096,757,14.075297225891678,245,34.15407,-118.28711
718064,32117,34272,0.9371206816059757,69.125,64.07471903323716,67.375,59.666666666666664,10.624778580504282,0.06055982812840552,0.06650683438677336,0.07117725814988947,152,70.26315789473684,240,34.11296,-118.24489
717608,32123,34272,0.9372957516339869,68.55555555555556,62.82938238635325,66.875,58.625,12.78042862184603,0.06359929022818542,0.0660897176477913,0.06988761946269029,123,86.30081300813009,265,34.17154,-118.38812
772669,30641,34272,0.8940534547152195,70.0,63.68968063591502,68.875,48.55555555555556,10.779829168768611,0.03831467641395516,0.06527202114813485,0.10228125713912731,465,21.50537634408602,185,34.07828,-118.22834
773012,32024,34272,0.9344070961718021,49.0,44.05841517919126,45.22222222222222,41.625,10.754732389293801,0.06254683987009743,0.06473270047464402,0.06763677242068449,137,75.65693430656934,215,34.0839,-118.22086
717818,32082,34272,0.9360994397759104,67.0,61.961055351218164,65.0,56.875,9.965281713444323,0.049061779190823517,0.0625584439872826,0.07109905866217817,248,40.46370967741935,280,34.1722,-118.46753
717573,31556,34272,0.920751633986928,67.5,62.02310530837587,65.5,57.666666666666664,11.849327693305998,0.05887945240207884,0.061794904297122574,0.064773735581189,128,76.171875,260,34.15384,-118.325
717459,32115,34272,0.937062324929972,68.0,61.4790012949492,64.88888888888889,50.875,11.022431709696377,0.052436556126420675,0.06084384244122684,0.0737350147905963,233,41.931330472103,215,34.08294,-118.29729
765182,32031,34272,0.9346113445378151,67.75,62.123342701737805,64.5,54.0,8.738497880612426,0.027098748087789955,0.059504854672036464,0.08410602229090569,348,27.385057471264368,190,34.06491,-118.25126
772596,32122,34272,0.9372665732959851,66.875,59.84721161039816,63.666666666666664,46.0,9.402444418199718,0.02384658489508748,0.05862026025776726,0.10678039972604446,844,11.155213270142179,235,34.17126,-118.50495
771667,31405,34272,0.9163457049486461,36.25,30.89459583323858,31.444444444444443,23.444444444444443,5.579882839963913,0.020028657857029137,0.05839834421270498,0.16430504696704346,508,18.051181102362204,175,34.07314,-118.23388
759772,30520,34272,0.8905228758169934,63.5,55.97513697757386,57.77777777777778,44.55555555555556,8.396150891647117,0.024049803407601572,0.05461992136304063,0.09895150720838794,505,16.504950495049503,155,34.17115,-118.30539
717481,29109,34272,0.8493522408963585,69.75,65.81691541698544,69.125,64.88888888888889,11.5721148847044,0.05060290631763372,0.053866501769212274,0.057645401765776906,170,46.11764705882352,205,34.10634,-118.32826
767542,32123,34272,0.9372957516339869,68.875,64.78864319389429,67.55555555555556,61.55555555555556,9.726235176782083,0.04691342651682595,0.05248575786819413,0.05556766179995642,104,81.05769230769229,195,34.11641,-118.23819
716328,32009,34272,0.933969421101774,66.77777777777777,58.84129209443585,59.5,51.5,8.669555037064457,0.030710112780780407,0.052422756099846916,0.07157361991939767,409,20.513447432762835,185,34.06664,-118.25397
717513,29453,34272,0.859389589169001,65.25,59.94212579202069,62.375,52.666666666666664,8.46471880959834,0.03541235188266051,0.05228669405493498,0.06240450887855227,277,27.79783393501805,190,34.17339,-118.5368
767351,32122,34272,0.9372665732959851,68.22222222222223,63.34718878076924,66.25,56.75,9.053999519936676,0.037544362119419715,0.05186476558122159,0.07328310815017745,222,37.52252252252252,200,34.18022,-118.47022
717572,32110,34272,0.9369164332399627,67.375,61.459416971917136,64.375,54.57142857142857,10.267411354096366,0.045562130177514794,0.05126128931796948,0.06035502958579882,187,44.01069518716578,270,34.15351,-118.32751
769418,28923,34272,0.8439250700280112,62.44444444444444,57.3882398750046,59.75,49.25,7.81559607099538,0.021436227224008574,0.05006396293607164,0.07523424264426236,410,17.658536585365855,175,34.12659,-118.34465
774067,30980,34272,0.9039449112978525,67.625,60.449480502013714,63.22222222222222,50.75,9.970201994937371,0.03476436410587476,0.04751452550032279,0.07372498386055519,542,13.579335793357934,135,34.15362,-118.28441
718141,31746,34272,0.926295518207283,68.44444444444444,63.608436908436964,66.44444444444444,58.44444444444444,9.737068238031,0.03726453726453727,0.04599004599004599,0.055944055944055944,399,18.295739348370926,160,34.15133,-118.37456
717825,32119,34272,0.9371790382819795,68.33333333333333,63.733214924459794,66.375,58.0,8.243261190869354,0.027180173728945482,0.04558049752482954,0.05999564120925309,307,23.843648208469055,170,34.22164,-118.47307
718066,32122,34272,0.9372665732959851,68.75,64.7842683845221,67.375,62.625,10.126138831512499,0.04364609924662225,0.045420584023410746,0.04694601830521138,92,79.29347826086956,210,34.12302,-118.22889
717821,31950,34272,0.9322478991596639,67.25,62.30183802816898,65.0,57.625,9.96014137412782,0.03934272300469484,0.04384976525821596,0.048325508607198746,144,48.64583333333333,290,34.20112,-118.47361
771673,31388,34272,0.9158496732026143,37.333333333333336,32.76302811862194,33.333333333333336,26.125,5.350623529591529,0.008442716961896267,0.042882630304574995,0.1010577290684338,387,17.39018087855297,140,34.07787,-118.22871
767750,31982,34272,0.9331816059757236,67.22222222222223,63.452326420218235,65.75,61.5,9.493712305068907,0.039616034019135764,0.04208617347257833,0.04443124257394784,128,52.578125,170,34.09335,-118.20635
716956,31530,34272,0.9199929971988795,65.88888888888889,60.07835514425654,61.888888888888886,52.5,7.813891540815911,0.021503330161750715,0.039359340310815095,0.058452267681573106,350,17.728571428571428,330,34.10658,-118.25544
769403,31982,34272,0.9331816059757236,69.0,64.38273921193758,67.33333333333333,57.75,8.635856831788134,0.02651491463948471,0.03852166843849666,0.05399912450753549,270,22.814814814814817,180,34.12073,-118.33928
717510,29116,34272,0.8495564892623716,65.125,58.03361525163705,60.0,48.333333333333336,8.152062522089329,0.019199065805742547,0.03757384256079132,0.07195356505014425,469,11.663113006396589,135,34.17128,-118.51976
717610,31124,34272,0.9081465919701214,66.625,62.36056138987347,64.5,59.666666666666664,9.265709832514574,0.03412157820331577,0.03656342372445701,0.03945508289422953,109,52.20183486238532,250,34.17886,-118.39497
767573,32015,34272,0.9341444911297853,69.5,66.15653700274456,68.5,63.5,9.078365856328729,0.03295330313915352,0.03479618928627206,0.03679525222551929,81,68.76543209876543,200,34.12964,-118.22901
718499,31157,34272,0.909109477124183,64.11111111111111,58.96879915899564,60.77777777777778,52.75,7.951556021181231,0.02811567224058799,0.032673235548993804,0.04149950251949803,167,30.479041916167663,190,34.15469,-118.31253
717583,31175,34272,0.9096346872082166,68.5,64.33979245427135,66.375,58.888888888888886,6.865345736286354,0.010970328789093825,0.0322373696872494,0.04728147554129912,228,22.039473684210527,210,34.15627,-118.25506
765164,32093,34272,0.9364204014939309,68.25,62.40707454130079,64.625,54.375,8.189938099938574,0.020222478422085813,0.03200074782662886,0.05515221387841585,290,17.70689655172414,165,34.07898,-118.28911
759591,30800,34272,0.8986928104575164,65.75,60.14973591785202,61.666666666666664,53.5,7.223570427063988,0.016753246753246753,0.031785714285714285,0.046525974025974026,307,15.944625407166125,295,34.11521,-118.26825
769388,31218,34272,0.9108893557422969,68.5,63.84989365618307,66.33333333333333,56.55555555555556,7.691895329571663,0.0212697802549811,0.030527259914152092,0.045646742264078416,173,27.54335260115607,180,34.11027,-118.33441
737529,31588,34272,0.9216853408029878,66.0,60.83208843623558,62.875,54.77777777777778,8.435851249297354,0.02418639989869571,0.027953653286057995,0.03640623021400532,136,32.463235294117645,235,34.20264,-118.47352
773906,31623,34272,0.9227065826330533,68.5,64.11195148046232,66.44444444444444,57.5,7.422996033981678,0.019005154476172407,0.025234797457546723,0.03405748980172659,182,21.923076923076927,170,34.1566,-118.30266
760987,28740,34272,0.8385854341736695,68.77777777777777,65.13132393876126,67.125,60.888888888888886,8.041339365780543,0.02279053583855254,0.024808629088378567,0.027766179540709812,84,42.44047619047619,210,34.15359,-118.34043
769867,32004,34272,0.9338235294117647,64.75,57.73644095579314,59.625,47.111111111111114,7.571577165676219,0.006686664166979128,0.024778152730908637,0.07655293088363954,608,6.521381578947368,45,34.21846,-118.23931
761599,31042,34272,0.9057539682539683,62.55555555555556,57.76160846594943,59.0,51.75,6.601634785583106,0.018491076605888796,0.024386315314734876,0.03292313639585078,124,30.524193548387096,225,34.14226,-118.27786
772168,32122,34272,0.9372665732959851,65.44444444444444,58.35840331701638,61.666666666666664,44.125,8.363046687769183,0.0042338584147936,0.024251291949442748,0.1335221966253658,353,11.033994334277622,160,34.16542,-118.47985
773954,32101,34272,0.9366538281979458,65.625,60.21441755263518,62.333333333333336,52.125,7.2460549570184,0.014267468303168126,0.023332606460857917,0.04510762904582412,270,13.87037037037037,110,34.15544,-118.29344
767621,31007,34272,0.9047327264239029,68.44444444444444,65.46793294499273,67.11111111111111,63.477777777777796,7.564601482308236,0.021350017737930146,0.02331731544489954,0.025639371754765054,79,45.75949367088608,185,34.13486,-118.22969
717576,29597,34272,0.8635912698412699,68.44444444444444,64.14372289984344,66.375,57.125,7.317267464217278,0.01652194479170186,0.021049430685542454,0.030678785011994458,169,18.431952662721894,130,34.15559,-118.2957
717578,32052,34272,0.9352240896358543,67.88888888888889,63.84644325490924,65.875,57.5,6.448282987816346,0.008985398727068513,0.021028328965431175,0.0362535879196306,303,11.122112211221122,95,34.15478,-118.27076
717491,30246,34272,0.8825280112044818,65.375,60.76205448654357,62.75,53.75,6.6385054839777835,0.010679098062553726,0.020928387224756994,0.04185677444951399,251,12.609561752988048,65,34.14761,-118.3711
717590,31167,34272,0.9094012605042017,68.875,65.24064272803795,67.125,60.375,6.90237828147682,0.015914268296595757,0.019700324060705234,0.02483395899509096,105,29.238095238095237,120,34.14929,-118.23182
767366,31951,34272,0.9322770774976658,64.25,60.34993708123495,61.5,56.375,6.19037355183535,0.01593064379831617,0.019154330067916496,0.024255891834371383,89,34.38202247191011,185,34.21216,-118.47341
717099,31199,34272,0.9103349673202614,68.375,64.60189459674372,66.5,58.625,5.938980513967555,0.005705311067662425,0.016827462418667265,0.030097118497387738,225,11.666666666666668,95,34.15648,-118.24674
773013,31413,34272,0.916579131652661,63.75,59.02558014854878,60.125,53.0,6.043614806680023,0.007926654569764111,0.014325279342947188,0.02521249164358705,160,14.0625,65,34.08374,-118.22076
716554,31269,34272,0.9123774509803921,60.875,54.7751184549637,56.125,45.75,6.606378367732058,0.004733122261664908,0.01371965844766382,0.053727333781061114,243,8.827160493827162,85,34.15597,-118.2666
762329,31623,34272,0.9227065826330533,68.875,66.52433262609249,67.625,64.625,6.085876572794653,0.012048192771084338,0.012902001707617874,0.013787433197356355,51,40.0,165,34.13904,-118.22862
773880,31882,34272,0.9302637721755369,69.33333333333333,66.7538598059512,68.0,63.875,5.857349779770708,0.011511197540932187,0.012765823975911172,0.013706793802145411,57,35.70175438596492,170,34.15367,-118.3484
759602,31195,34272,0.910218253968254,65.88888888888889,60.83721516217731,62.111111111111114,54.111111111111114,6.19003686519353,0.007725597050809424,0.012309665010418335,0.029075172303253728,125,15.36,130,34.12199,-118.27178
767509,32049,34272,0.9351365546218487,66.11111111111111,62.62151378320997,63.375,58.25,4.716259993593491,0.004992355455708446,0.008393397609909826,0.010920777559362226,68,19.779411764705884,120,34.11059,-118.24819
769847,31544,34272,0.9204014939309056,65.0,59.719708135071905,61.22222222222222,51.25,6.0168117599907465,0.001014455997971088,0.00833756023332488,0.03633020542733959,243,5.411522633744856,15,34.20983,-118.22351
769953,32004,34272,0.9338235294117647,61.333333333333336,55.930659734001374,56.875,48.55555555555556,5.692047535331327,0.0010311211098612673,0.008311461067366578,0.0361517310336208,240,5.541666666666667,15,34.20672,-118.19992
773975,32091,34272,0.9363620448179272,67.5,64.10692424518959,65.625,58.5,5.19024068223763,0.0053597581876538595,0.008039637281480789,0.014365398398304821,64,20.15625,105,34.14584,-118.22251
717570,31922,34272,0.9314309056956116,68.625,65.86445790980564,67.0,62.28714285714286,4.947704218130297,0.007048430549464319,0.007674957709416703,0.009272601967295282,42,29.166666666666664,160,34.15302,-118.35921
767454,30016,34272,0.8758169934640523,69.5,67.52140288406977,68.44444444444444,65.57142857142857,5.073291519548824,0.006763059701492537,0.0072294776119402986,0.008029051172707889,31,35.0,155,34.14352,-118.22733
769819,32001,34272,0.9337359943977591,65.375,60.39367036149176,61.875,52.55555555555556,5.780059812209356,0.0011249648448485984,0.006906034186431674,0.029936564482359925,197,5.609137055837563,15,34.20584,-118.19803
717580,31270,34272,0.912406629318394,68.42857142857143,64.78921874762058,66.22222222222223,59.44285714285714,5.11222394092541,0.0019187719859290054,0.006875599616245603,0.021842021106491846,114,9.429824561403509,65,34.1562,-118.26359
773995,31686,34272,0.9245448179271709,65.88888888888889,62.894759477672274,63.75,59.0,4.323759102573431,0.0048286309411096386,0.00678533106103642,0.008773590860316859,66,16.28787878787879,70,34.14483,-118.21587
717582,32034,34272,0.9346988795518207,68.75,66.26021528713031,67.5,62.375,4.442097620494389,0.0030280327152400572,0.006774052569145283,0.014141224948492227,87,12.471264367816094,70,34.15646,-118.26092
769831,32001,34272,0.9337359943977591,64.22222222222223,59.1236447720132,60.375,51.5,5.648506562129805,0.0008124746101684323,0.006343551764007375,0.029280334989531576,188,5.398936170212766,15,34.20663,-118.20101
767751,31983,34272,0.9332107843137255,66.44444444444444,62.46997404126889,63.285714285714285,57.333333333333336,4.872304899278495,0.0035331269737047806,0.00631585529812713,0.009786449051058375,105,9.619047619047619,55,34.09335,-118.20616
769941,32004,34272,0.9338235294117647,66.0,61.033162322963776,62.44444444444444,53.333333333333336,5.705921886040379,0.0006561679790026247,0.005843019622547182,0.0281214848143982,176,5.3125,10,34.20699,-118.20237
769926,31540,34272,0.9202847805788982,66.375,62.062883413352736,63.5,55.25,5.303524309991448,0.001616994292961319,0.005009511731135067,0.0199429296131896,106,7.452830188679245,95,34.21356,-118.23113
718072,30142,34272,0.8794934640522876,67.75,65.45802812454878,66.0,62.888888888888886,4.219437990906298,0.0042465662530688075,0.004611505540441908,0.00530820781633601,22,31.590909090909093,95,34.1491,-118.2257
774012,31686,34272,0.9245448179271709,69.0,66.32535299250911,67.66666666666667,61.375,4.355647829160113,0.003124408256012119,0.0042289970333901404,0.006185697153316922,40,16.75,75,34.14769,-118.20137
773974,32107,34272,0.936828898225957,60.0,56.13759039095956,56.666666666666664,51.0,4.349871945583574,0.001962188930762762,0.003924377861525524,0.010309278350515464,82,7.682926829268293,55,34.14559,-118.22251
764120,32120,34272,0.9372082166199813,68.77777777777777,66.70089194291295,67.5,64.125,3.881608791298736,0.003331257783312578,0.003922789539227895,0.004701120797011208,21,30.0,105,34.20164,-118.40366
767523,32124,34272,0.9373249299719888,69.25,67.19690675319676,68.11111111111111,64.375,3.5188173526348216,0.002147926783713112,0.0032997136097621714,0.004264724193749222,26,20.384615384615383,115,34.11439,-118.24209
717595,32008,34272,0.9339402427637722,69.0,66.90436486860429,67.75,63.75,3.500601904964347,0.002561859535116221,0.0032491877030742314,0.003999000249937516,28,18.571428571428573,80,34.14163,-118.1829
773996,31671,34272,0.9241071428571429,64.6125,61.4153953118197,62.5,56.22222222222222,4.158047308304676,0.0015155820782419248,0.0029995895298538097,0.008525149190110827,29,16.379310344827587,75,34.14511,-118.21587
716571,31675,34272,0.9242238562091504,69.0,66.90606693727206,67.75,64.0,3.562713820788948,0.0025572217837411208,0.002841357537490134,0.003378058405682715,24,18.75,45,34.2,-118.40337
765604,31866,34272,0.929796918767507,64.44444444444444,60.339195106692,61.55555555555556,53.666666666666664,4.810498091728287,0.0005021025544467457,0.0025418941818866505,0.011046256197828407,66,6.136363636363637,25,34.16415,-118.38223
767541,32123,34272,0.9372957516339869,67.0,64.49702621224291,65.22222222222223,61.0,3.355862817542904,0.0015876474799987547,0.00249042741960589,0.003984683871369424,26,15.384615384615385,115,34.11621,-118.23799
717587,31100,34272,0.9074463118580766,68.44444444444444,65.8369229316591,66.77777777777777,61.625,3.6368441923962385,0.0012540192926045017,0.0021864951768488746,0.004726688102893891,37,9.18918918918919,55,34.15402,-118.23893
767494,32067,34272,0.9356617647058824,66.42857142857143,63.919353229176494,64.22222222222223,61.0,3.3943339034332864,0.0018398977141609754,0.0021829294913774284,0.0026507000966725916,20,17.5,80,34.10377,-118.24962
767471,30197,34272,0.8810982726423903,65.5,63.11781271239474,63.625,60.25,3.539164128916151,0.0017220253667582872,0.002152531708447859,0.0061264364009669834,17,19.11764705882353,65,34.15691,-118.22469
769806,32101,34272,0.9366538281979458,67.25,63.83975866350392,65.125,58.0,4.412071291453461,0.0003426684526961777,0.0017133422634808884,0.008847076415064952,53,5.188679245283019,10,34.19638,-118.18442
717585,30861,34272,0.9004726890756303,68.125,65.43466597282328,66.125,61.44444444444444,3.3255732415392263,0.0010369074236090858,0.0013609409934869253,0.00197660477625482,19,11.05263157894737,55,34.15564,-118.24188
774011,31686,34272,0.9245448179271709,68.77777777777777,66.2705913256966,67.22222222222223,62.125,3.4820534511860153,0.0009783500599633908,0.001357066212207284,0.0029034905005365145,13,16.538461538461537,60,34.14747,-118.20123
764424,31129,34272,0.9082924836601307,68.11111111111111,65.85179224751886,66.5,62.875,2.994570897157834,0.0006424877124225,0.001284975424845,0.0028911947059012495,27,7.4074074074074066,20,34.17878,-118.39469
764106,32124,34272,0.9373249299719888,59.666666666666664,55.80882473273202,57.0,49.2,4.487820885753457,0.0004669406051550243,0.0012763043207570663,0.007471049682480389,13,15.769230769230768,55,34.17169,-118.38801
718076,27382,34272,0.7989612511671336,69.25,67.28662772902595,67.77777777777777,64.75,2.559928403975247,0.0006938864947775911,0.001095610254911986,0.0015703746987071798,10,15.0,45,34.16339,-118.2253
717592,31175,34272,0.9096346872082166,65.5,62.56916471277094,63.333333333333336,58.25,3.5758623236336624,0.000673616680032077,0.001090617481956696,0.0028869286287089013,16,10.625,35,34.14604,-118.2243
767610,30386,34272,0.8866129785247432,67.5,65.73932447482608,66.22222222222223,63.375,2.4778718524163814,0.0003620088198512473,0.0007240176397024946,0.0011847561376949912,12,9.166666666666666,30,34.18555,-118.21766
767585,30669,34272,0.8948704481792717,69.0,67.29983390238978,68.0,64.875,2.6565154709121432,0.0005869118654015455,0.0006195180801460759,0.0009129740128468486,6,15.833333333333332,40,34.16556,-118.22432
767572,32012,34272,0.9340569561157797,64.0,61.580652952067474,62.0,58.44444444444444,2.782155832583037,0.0002811445707859553,0.00040609771335749093,0.000780957141072098,6,10.833333333333332,20,34.12967,-118.22871
767495,30956,34272,0.9032446311858077,69.125,67.70993387696193,68.11111111111111,65.875,1.9946969064174223,0.0002907352371107378,0.0003876469828143171,0.0005814704742214756,6,10.0,20,34.10377,-118.24992
767470,30779,34272,0.8980800653594772,63.111111111111114,60.8093801458116,61.142857142857146,57.75,2.6559743392335973,0.0001624484226258163,0.0003248968452516326,0.0005848143214529387,2,25.0,45,34.15699,-118.22436
767620,31015,34272,0.9049661531279178,65.875,63.26766458370101,63.666666666666664,59.875,2.848321193339603,9.67273899725939e-05,0.00032242463324197966,0.0007415766564565533,6,8.333333333333334,20,34.13486,-118.22932
767609,30578,34272,0.8922152194211018,63.875,61.460473942776574,61.875,58.125,2.8753649573290603,0.00016351625351559946,0.0002616260056249591,0.0010792072732029563,7,5.7142857142857135,10,34.18555,-118.21733
767554,32017,34272,0.934202847805789,64.625,61.991017643900385,62.5,58.5,2.9354921404342993,0.00015616703626198582,0.00021863385076678014,0.0007808351813099291,4,8.75,15,34.11966,-118.23143
767455,30703,34272,0.8958625116713352,69.375,67.72660969999829,68.33333333333333,65.25,2.173839438263783,3.2570107155652544e-05,3.2570107155652544e-05,0.00029313096440087286,1,5.0,5,34.14347,-118.22704
